name,gamma1,gamma2,gamma3,gamma4,gamma5,gamma6
ACAJIZ_clean,94.98010947,20.94643898,29.52274873,7.801864952,7.404084211,33.41626498
ACAJOF_clean,22.31913684,0.919822506,15.69333304,11.97532769,8.797004908,13.78023249
ACUFEK_clean,40.16305739,-0.150007137,0.113326775,3.301535852,2.779060862,1.621373982
ADASAB_charged,1.982596119,0.678138947,0.633034647,0.409513994,0.151290787,0.140588756
ADASEF_clean,6.029632774,4.642538016,5.13109844,2.133539317,1.584672478,1.61683448
ADASIJ_clean,6.843649278,6.095502279,4.779710402,2.104438843,2.845975073,2.188051178
ADATEG_manual,4.082615249,0.936992852,0.797878699,0.356686042,0.125997106,0.123030815
AGOFEJ_clean,10.60874914,4.238415237,0.429718322,0.07611243,2.926515586,2.161362889
ALAMUW_clean,70.32826225,11.92364244,7.422685504,3.653114072,1.218041126,1.081397776
ANOMUM_clean,96.67169317,23.84402933,15.21773014,-0.021719623,0.950731178,0.736120127
ANONAT_manual,92.8490528,22.66894175,16.5793528,0.105045962,0.797939279,0.773865301
ANUGEW_clean,50.61184235,0.075522848,3.653118198,4.460550226,1.806222332,2.189079064
ANUGIA_clean,52.86328329,33.30746054,31.8543684,0.325070694,1.010039591,0.945774
ANUGOG_clean,58.51896154,32.9507777,0.270941335,0.849276559,1.719501721,2.630542107
ASIVAB_clean,44.3257446,8.623619882,-0.032376659,1.77015638,0.55671191,0.597399496
AVAJUE_clean,5.818341925,0.050704666,0.050698549,0.249999268,0.249927838,0.249960485
AVAKAL_clean,6.92958673,0.102621839,0.102677312,0.03504653,0.035208256,0.035389937
AVAKEP_clean,15.27210481,0.213579803,0.202222549,0.087975699,0.108575316,0.105542086
AVEHAM_clean,69.4358918,-2.901737925,3.543857654,3.084090494,28.53221688,30.02426832
AYOQEM_clean,58.18982662,10.42634258,7.372171086,6.463286712,0.878395388,1.48430769
AZAWAB_clean,98.87049449,7.152003709,4.680876884,0.785157482,1.449226021,1.758638097
BARZOK_clean,49.42631624,25.09880029,3.91055541,5.132731778,10.67811059,12.14643323
BAZFUF01_clean,41.44142537,0.336905066,0.336865051,0.174552477,0.174559783,0.174574288
BAZFUF_clean,41.44065517,0.337959486,0.338065569,0.175298084,0.175277417,0.175285173
BAZGAM_clean,6.943885848,0.74686438,0.584942336,0.010926259,0.003691676,0.215938754
BAZGEQ_clean,33.1404213,0.414145762,0.411545049,0.047610684,0.016228333,-0.002244641
BEXSII_clean,18.09812865,11.10483641,8.510484709,3.34675257,0.049828287,0.725861894
BEXVEH_clean,59.24168271,19.76608983,7.489328733,3.481701723,11.96274322,2.390495006
BIMDEF_clean,142.2836109,47.28103862,33.78049621,5.760752941,10.67745502,12.25218527
BIMDIL_clean,186.5250539,48.10459678,33.16317662,5.911300416,11.63920822,11.64075563
BINROH_clean,33.42377338,1.676150326,1.676091315,2.290987238,2.290449276,2.290646328
BIPSUQ_clean,14.59961186,1.714991918,0.54543289,0.825490273,4.051076193,4.052623364
BODPAN_clean,100.0657918,10.49765302,10.49746281,9.13916061,9.138939967,9.138758713
BOYCEY_auto,62.27094119,11.14375297,6.938168042,1.692297778,1.543453051,3.822757151
BUSQUC_clean,173.8459895,112.1976684,68.41716359,0.657630501,2.726225376,3.954708526
BUXNOZ_clean,73.79973014,15.18057655,13.87164963,0.513171686,3.793607637,3.921757411
CAJQEL_clean,50.81794661,15.10451448,8.632396424,0.21961845,3.427429867,5.797064672
CAJQIP_clean,21.15384342,8.749667949,5.657834312,-1.127231632,0.714043182,0.142241622
CAVPIA_manual,17.67989338,16.79583932,15.71913715,1.515151756,1.677513435,1.653731737
CEJCAW_clean,74.18885917,45.62710761,20.84316256,0.993638168,1.712581598,2.287697095
CIRTUU_clean,8.840308456,4.872987021,3.057192825,1.413392499,2.140195507,2.139891067
CUYWUP_clean,19.17077941,2.495880965,2.056827711,1.003205847,0.572648721,0.818436585
DAKVUI_clean,53.78617253,19.06378813,1.185835543,9.735215608,7.672882033,9.078268743
DEYNIG_clean,114.5258262,25.3983677,12.39444662,9.015647681,7.221262585,2.124185388
DICKEH_clean,83.43838437,19.96835362,18.04131683,12.56538019,5.325765879,4.914334692
DIHVIB01_clean,100.12556,10.5071468,10.5076072,9.173390495,9.172499753,9.172819613
DIHVIB_clean,100.1114662,10.50994358,10.50035618,9.153193027,9.167740917,9.172749422
DOKDEN_clean,43.42218233,34.5447671,23.85257099,14.26560991,1.49187374,2.204087677
DOPHOH_clean,26.89532001,37.50570673,37.50569968,2.9237728,2.923819154,2.923815988
DOPHUN_clean,26.89699014,37.50572182,37.50562809,2.923808189,2.923860101,2.924012093
DOPJAV_clean,30.3692312,9.900978248,7.688769319,3.426427413,4.875108675,4.693498944
DUGMOJ_clean,37.04526196,13.5083594,2.63898734,4.379757288,5.568442279,5.568008433
EBAMUS_clean,34.23052172,4.71074782,4.710422765,2.479004062,2.473810189,2.471978892
EBATUZ_clean,22.56720755,8.356498379,5.278221954,4.362430548,0.953711418,0.695988886
EBAVAH_auto,96.24950745,53.00580947,36.11081672,25.35867836,16.40676061,12.503759
EBIZUN_clean,49.90646754,8.215112756,5.235567225,4.139055204,13.98205641,13.73211037
EJOQUR_clean,15.81556272,12.16636529,9.471488268,0.821114038,0.579730092,0.633934152
ELERIY_clean,122.5676868,33.79877144,29.19766748,29.33007327,29.51476414,29.6815519
EMUBIZ_clean,81.43866384,15.28257894,1.827477488,7.745976816,7.921224899,7.908548978
EMUBOF_clean,99.69662412,37.58764787,7.055516682,0.215161494,4.77903771,5.877666147
ENIHUG01_clean,55.72256786,25.83357245,17.30496662,0.500230147,0.970324275,0.921747303
ENIHUG_clean,55.86903234,25.83772085,17.30278166,0.493159393,0.969648129,0.922089438
EPEXUU_clean,34.65554137,14.18219423,8.044215365,4.123898088,2.447365946,12.02759572
EPEYAB_clean,35.17527675,4.087319481,2.401565716,8.251999431,14.10241104,12.04417423
EPISOM_clean,65.90141383,16.86561735,11.84167211,2.518517135,9.132467653,9.127623548
EPOTAF_clean,7.065490635,0.992948236,-0.36473162,0.444963997,-0.036477715,0.126931858
EWUCOP_clean,119.5895052,64.50314444,28.04263619,7.595069223,0.604753621,5.116978946
EXAXAE01_clean,81.40941286,15.27857615,1.823012701,7.74491393,7.917109933,7.909021909
EXAXAE_clean,81.90835372,15.32614844,1.909960935,7.762162177,7.950009065,7.947676444
EXOZEX_clean,83.21802939,19.94453781,-0.382713903,1.504231914,4.771121495,5.15241766
EXOZIB_clean,51.34633027,6.803752563,4.215464239,2.851390339,0.938471725,0.270285449
FAGQAI_clean,72.88207884,29.30386445,0.510546969,19.14644985,3.015889984,21.01499852
FEBXIV_clean,3.300715266,0.124773631,0.284730024,0.598262039,0.479565599,0.418863675
FECXES_clean,62.64480958,19.39978573,5.853902761,8.362085072,8.970920505,7.7582353
FIBKEI_clean,34.49367679,16.45568509,3.078537555,4.006215445,1.713788342,0.098037415
FIGQUJ_clean,126.5468899,32.37392897,4.47052487,15.373783,12.90931891,20.27591756
GADNUX_clean,48.14712191,8.670920766,7.594095113,2.433744876,6.475879574,6.475323033
GAFRUD_clean,33.78187681,12.45513721,3.797536616,6.275107392,1.645679434,1.647236135
GAGZEV_clean,43.74205995,24.68542563,22.47139851,6.549994494,8.438915794,10.80297357
GAMXAV_clean,46.38421327,26.9257892,11.42952714,0.111001266,1.408274212,2.105940868
GEGDED_clean,31.0387822,13.76892877,6.336217985,5.799186568,8.554003715,12.54492368
GUCHUJ_clean,123.3731197,84.7250065,46.15291046,13.62938867,-6.499951584,0.279230871
GUJREK01_clean,68.57393331,59.03568,12.73132706,11.26543347,3.300677951,5.939912994
GUJREK_clean,68.65069091,57.89306469,12.52411937,10.93692802,3.994195112,6.292058989
HABQUY_clean,44.14431306,23.05175196,19.08719573,10.42291799,8.327013378,7.979637049
HABRAF_manual,55.40274101,24.8790971,24.0712176,6.510765491,12.25013416,8.140014297
HAJMIQ_clean,100.1146972,10.50656732,10.50457272,9.169774306,9.165036543,9.164723338
HANWAW_clean,42.34571597,0.751363706,11.08964562,8.829871718,4.98354381,4.203465877
HAQJIV_clean,54.72467869,12.13845802,9.905758471,3.674472484,3.271831907,7.177430235
HEDCIE_clean,39.48137355,14.97498093,5.371287323,1.143120516,2.51973234,1.810057513
HEXVEM_clean,1.022285197,0.229508922,0.103291066,0.088647986,0.016791043,0.026947645
HIYGIH_clean,13.534645,0.309789627,4.786903129,2.391214163,3.568875355,3.172117935
HOGLEV01_clean,42.60746135,16.90707479,2.239649325,8.567006072,11.1894428,11.18928103
HOGLEV_clean,26.00970623,4.419927002,0.353120155,4.848837188,5.559732721,5.559697618
HOJLEY_clean,64.63888948,17.72141093,27.25168528,4.58759942,0.249593158,7.272318898
ICAQOU_clean,15.71074572,16.78580399,17.27384952,1.628967402,1.541963675,1.482940029
IDUDES_clean,129.6260638,65.970048,15.278575,20.56453385,8.677670805,6.656958386
IDUDIW_clean,108.8155798,52.15686217,8.885776248,-1.01336969,24.05822377,2.038985407
IKETIB_clean,97.17837125,9.265195703,9.264772317,9.465341656,9.464905694,9.464415014
IKETOH_manual,97.26896661,16.51540903,14.84359602,5.844451904,7.536481094,6.104899374
IKETUN_clean,97.1790693,9.265046783,9.265201048,9.464999237,9.465390133,9.465523838
IKOPEF_clean,95.88190939,37.91304614,23.01703559,0.427272133,7.475667785,4.397154158
IKOPIJ_clean,20.80051323,-4.579009136,7.83141134,5.114686288,-0.769234034,1.021972416
IXAKAU_clean,9.137001395,5.99574009,2.330664168,0.418423916,0.949979021,1.452940473
IYEHAX_clean,41.11400691,21.9271649,6.874934215,0.104818426,0.700291508,4.284200966
JUTCIM_clean,25.84503829,11.70096656,7.964966117,0.452132068,0.273208431,0.293171827
KABNIL_clean,92.22060871,77.97610261,45.90830549,-4.359744815,4.305850492,1.455503315
KADLOT_clean,56.8836929,19.58412371,0.899588411,2.305686651,1.859433906,1.843832132
KADLUZ_clean,37.69974135,17.71286306,8.605572065,1.421923126,0.715715659,0.736160243
KAJZIH_clean,143.7821961,56.66668879,27.16755384,10.89651266,18.53349598,18.53192812
KANMIX_clean,107.8816309,46.35822711,17.34471615,15.83072118,8.726370547,8.740269808
KARNID_clean,39.47333452,0.997701065,3.756906698,2.033111992,10.5557504,10.55246801
KIJRUS_clean,59.65904106,17.98859491,-0.04195028,1.94003495,9.362137605,11.51572522
KOJZUF_clean,56.53026976,33.79591462,19.36978348,0.64157764,-0.469984627,0.05724841
KOZQEX_clean,12.89481924,5.489917237,4.872170212,1.163813768,1.117688056,1.057282362
LACNUB_clean,91.84302241,23.18972659,34.90274542,33.95201715,9.279527526,9.362591384
LAQNID_clean,70.87560156,19.61227835,12.81321935,0.940345814,4.208456934,4.208873611
LARXUA_clean,27.56539196,1.061601596,1.062039324,1.672333516,1.670460075,1.670493505
LASDEQ_clean,7.56584089,3.352619946,3.121438547,0.959294564,1.140214786,1.12657558
LASYOU_clean,70.99209198,82.31164324,77.28301746,4.614882537,4.265835576,3.575006335
LECFEG_clean,67.06102168,15.21135787,11.71594836,0.556566338,6.306653202,3.732998996
LEDLEN_clean,13.714745,2.220348248,-0.485118257,-0.189939195,1.07734886,0.808869295
LELDUD_clean,5.942074094,4.301862916,1.49822968,1.031594367,0.929317458,0.96026102
LIKDOA_clean,62.08566872,5.910520555,5.910476237,5.436703663,5.436826461,5.436802865
LIZWEX_charged,35.90277259,12.37796922,11.35660927,5.756794871,4.337030896,4.511478124
LOXWAY_clean,153.9054018,45.0229527,39.29561507,19.23552145,6.840848365,13.18634257
LOXWEC_clean,138.5313336,32.91232568,25.91620748,12.69912482,6.40455902,4.485247569
LUDLED_clean,100.1309045,10.50873782,10.50760457,9.174085907,9.176434207,9.176210951
LUDLIH_clean,100.0921282,10.50167415,10.50218284,9.15368825,9.154023676,9.15452014
LUSYEF_clean,46.22225056,11.79565528,8.99248827,6.071341316,1.085491556,1.073161193
LUYHAP_clean,73.42577863,12.30525407,13.08371215,3.312196033,1.668411666,1.787566912
MABJUV01_clean,172.7486759,95.21205228,40.82861729,26.8159303,6.332461741,12.4299365
MABJUV_clean,171.5269029,92.89795385,26.20494746,5.583196889,11.878159,41.36491397
MABKEG_clean,128.1716043,35.47289752,22.69271141,16.54732613,12.42869973,8.863873859
MABKIK01_clean,102.2739481,5.418210262,13.55897896,22.76038927,38.54239041,31.1693672
MABKIK_clean,126.3347321,9.409731425,16.02823062,11.80941791,27.70911916,27.96601019
MAFJIO_clean,25.31770084,12.28535032,5.936314306,0.43277438,0.123555521,0.159690652
MAYKOO_clean,86.74112524,24.61097809,20.51392332,5.430369105,4.127916428,2.83864319
MEHMET_clean,62.70077797,27.04545357,28.59866533,8.365362249,7.581914038,11.39920142
MILROQ_clean,28.35881799,3.595484049,0.6578911,1.051124589,0.81125696,1.816244344
MIXBAY_clean,28.76932427,9.120501829,4.780453682,2.507293772,1.155097251,1.121917247
MIXBEC_clean,32.5742511,10.27212366,0.370057394,7.365610727,1.160557309,2.260827266
MIXBIG_auto,31.63348392,14.17072268,8.834545638,4.969443175,3.471300554,2.961731152
MOCKAR_clean,72.35334563,22.32427914,25.46861989,5.837843885,3.008198064,3.383044647
MOCKEV_clean,75.92429546,14.24914295,11.93214794,4.752255231,1.394172441,2.1275996
MOYYEF_clean,56.95680746,10.71762252,1.004242147,3.509103319,4.666545826,4.949703031
MOYYIJ_clean,8.937900898,2.927164571,0.648741566,0.903010386,0.446406879,1.830383987
MUDTEL_clean,86.639,56.16200576,49.17844161,16.87682846,22.80128428,17.44044435
MUNDAC_clean,81.4633508,15.28436786,1.830190509,7.747112755,7.923076761,7.909921807
MUNDEG_clean,18.22305515,7.208133944,0.883717479,2.608817791,4.318108576,5.023093971
MUNDOQ_clean,20.85974339,3.198602352,5.51747711,1.357394455,1.592438445,-0.56777897
NAFSOF_clean,48.00435262,1.315877704,0.763354069,-0.040806124,0.22218553,0.15267976
NAHNES_clean,89.43204618,18.69434994,17.16783697,4.86501914,3.215575391,3.215520768
NASRIL_clean,84.35765866,24.65332915,-0.091823071,22.11999856,2.650167686,4.640610327
NATKIF_clean,6.99687591,0.189283396,0.064909131,0.099014463,0.12238277,0.145827003
NATKOL_clean,16.2746589,3.054691363,1.969029889,0.863976125,-0.066519199,0.120942328
NAYZOE_clean,25.05690894,0.505878558,0.506134415,0.170137406,0.161643575,0.165179014
NEJSAY_clean,176.8384898,96.44814032,84.59433008,-0.008959579,5.120413902,6.001558547
NEJSEC_clean,185.8411131,102.2605452,78.98919749,0.131321583,5.896724903,5.460062645
NIBHOW_clean,19.66315388,2.654617269,1.989878852,0.203536702,0.224059588,0.972354232
NIBHUC_clean,9.445765902,1.478144775,0.671873192,-0.074994279,0.044265718,0.070623757
NIBJAK_clean,14.43461167,2.067928234,1.715938369,0.54831124,0.169773571,0.170751501
NIGDEO_clean,17.50945914,9.257434186,0.585761693,6.643541765,3.39404488,4.723626664
NIGDIS_clean,16.19332936,8.525739312,4.87815286,3.029721769,0.848329466,1.019466939
NOHHID_clean,71.94771719,24.7078744,20.4946662,16.62730777,3.454861614,1.312935765
NUBPIL_clean,11.3638462,8.825857164,0.736469345,2.724234334,4.570976765,4.117862266
NUTQAV_clean,103.3975676,57.94721731,67.04975183,11.53839002,8.370824424,9.039987577
OFOCUI_clean,69.35910272,18.63148993,4.433148963,6.128454849,10.59111938,7.802334948
OGEBAF01_clean,73.38734657,8.555560571,16.92851122,16.53637999,15.8774948,18.07978914
OGIKAR_clean,20.79709474,5.933107831,0.803149776,2.250767263,1.472947061,1.912042458
OKABAE_clean,37.66390866,3.659164584,5.452897255,6.385616075,6.863529314,5.894462229
OKABEI_clean,66.76442022,7.288983839,8.993523314,4.605897381,10.2374848,10.23457458
OKUSUK_clean,17.73057211,5.86711014,6.015807974,1.064409296,1.040256338,1.04726665
OKUTAR_clean,5.573273533,0.174510946,2.031747944,1.035013833,1.108682924,1.644664438
OKUTEV_clean,2.382856866,2.383720641,0.757594704,0.884328603,0.884306188,0.884283936
OMIPEH_clean,26.21239004,7.198432292,7.207784533,8.677958487,8.689305677,8.68385109
OMITUB_clean,12.39333523,4.914982223,4.913933175,7.586538755,7.583474406,7.583149849
ONIXOZ_clean,43.76473943,21.64530138,2.098667906,10.82933681,8.267282879,4.558546418
OQIZUL_clean,100.0992216,10.50386046,10.50235947,9.160307946,9.157108744,9.156975315
OWIZAW_clean,44.38764646,3.494133475,0.044453165,0.223427116,0.300267266,1.296439206
OYIVEY_clean,80.7171176,14.37740626,9.632879369,8.09747365,3.47590551,4.400937431
PAMHIW_clean,76.02963844,31.97016098,28.57595454,14.40487815,7.558263204,6.871821099
PARNIH_clean,14.56566808,3.602036107,-0.185196601,0.100280964,1.422338858,0.957649579
PARNON_clean,23.0956463,1.402578975,-0.395691656,-0.019232696,0.164601006,0.834964912
PEWLUA_clean,10.36227206,0.793631739,5.591414204,3.910573405,3.63964037,3.190124842
PODKOK_clean,3.124768056,-0.509763194,1.051020298,0.551999522,0.704354592,0.11774785
PODKUQ_clean,2.09346483,1.011331652,0.178136937,0.335166229,0.491975212,0.542258049
QAGDIO_clean,51.11005348,7.87199121,5.972619953,2.576006116,3.036609969,1.595925587
QAQMON_clean,5.338494363,0.259632194,1.411732825,0.757676712,1.087599398,1.08750018
QIYDAF_clean,57.78188518,31.77043922,32.79989259,15.97401868,11.57799334,5.935550895
QIYDIN01_clean,52.32444166,16.57705677,5.269570744,4.376627746,11.76586881,2.811457286
QIYDIN_clean,27.34497149,5.994803391,8.741328484,7.183469879,7.542070034,8.355411778
QIYDOT_clean,30.67097777,14.93599755,10.19380959,7.038863161,5.126307256,4.44807854
QOWQUO_manual,21.55760413,5.072622915,4.485223191,2.689057828,1.283307944,0.838968172
QOWRAV02_clean,21.82703909,2.206321968,2.206695328,2.595133595,2.592253412,2.592143342
QOWRAV03_clean,21.79148062,2.205191307,2.205684055,2.590823571,2.591437052,2.594742162
QOWRAV04_clean,21.78988583,2.205228457,2.205558297,2.593763321,2.591677515,2.591631947
QOWRAV05_clean,21.83275602,2.20743805,2.205865606,2.594593411,2.592403908,2.592384757
QOWRAV06_clean,21.79920401,2.205446366,2.205965726,2.591250066,2.591607377,2.594890718
QOWRAV07_clean,21.72029415,2.203265768,2.203454451,2.589495854,2.59028301,2.592613534
QOWRAV08_clean,21.73158284,2.203606428,2.203768406,2.589987994,2.590325344,2.592817109
QOWRAV09_clean,21.54271332,2.198831915,2.198079256,2.585018084,2.587016725,2.589470459
QOWRAV10_clean,21.81645877,2.20598367,2.206487737,2.595258256,2.591701737,2.591910942
QOWRAV11_clean,21.48659597,2.196660601,2.197371195,2.584560981,2.585060096,2.588724889
QOWRAV12_clean,21.72813827,2.203360632,2.203820788,2.589273081,2.59064714,2.592943309
QULKIS_charged,33.57649411,2.61643638,0.030535432,0.386865079,0.931543671,0.891588751
RAHNOF_clean,90.31640275,55.90513248,49.28947408,21.755916,26.99361356,22.49710564
REWNEO01_clean,10.43375239,5.619402556,0.571564737,3.964677026,3.150614398,3.221384251
REWNEO_clean,19.230705,0.884987357,3.053858433,5.133172127,4.340884575,4.463793562
REYMOZ_clean,100.1083382,10.50115793,10.50736201,9.154713421,9.164547847,9.168433418
RICBEM_clean,18.99320904,-0.080726681,0.224299155,0.41538253,2.419734899,1.537135496
RIFGAQ_clean,100.0662353,10.4981268,10.49705375,9.140635312,9.138517673,9.138165751
RIPKIM01_clean,87.72338912,35.81776601,12.41542408,7.401597522,15.07759228,6.217256897
RIPKIM_clean,110.6406561,40.86283389,10.26792183,14.7406173,20.8864447,6.202230153
RUFZID_clean,22.29234981,15.50223236,10.15856059,1.827552276,4.535972548,3.621803165
RUPTED_clean,113.512756,25.07333895,11.99881866,8.322333783,6.957227323,2.086575882
RUVKAV_clean,88.18743738,35.49726896,39.27549348,13.45059122,6.96093599,7.809200604
SONTUL_neutral_b,72.41120059,16.72912527,15.48958387,8.650169977,5.036371136,4.569329382
SONVAT_neutral_b,97.34297868,16.6019444,14.91678933,5.853292946,7.573616278,6.112158833
SONVEX_neutral_b,97.36652422,16.6316119,14.93781121,5.856631748,7.583956445,6.114782831
SONVIB_neutral_b,97.4054573,16.67420539,14.97922845,5.860462387,6.117911475,7.604813851
SOYWOT_neutral_b,97.37984851,16.64651929,14.95015718,5.858328012,7.591586007,6.115658592
SOYWUZ_clean,97.17805669,9.265325387,9.264879911,9.464701983,9.465227426,9.465984239
SUJNUH_clean,49.68602818,61.24888669,3.738821898,6.96932013,1.535218786,1.529654447
SUKYIH_clean,88.875176,2.022769159,1.183042021,1.016640286,1.076654606,1.07673021
SUKYON_clean,66.4833822,0.042581826,0.614327492,0.336414473,0.440849788,0.439458205
TEMPEI_clean,42.19267616,5.2877851,4.801448785,0.50149123,0.261746874,0.1179607
TIJPOT_clean,91.71259209,48.42001584,24.0471444,16.43716043,3.057925167,0.139549692
TISPAO_clean,97.05109525,16.35723721,14.7207256,5.858793469,7.470392855,6.126193755
UCOCUM_neutral,97.34490815,16.60376732,14.91732871,5.853541427,7.574460425,6.112270988
UDEGIW_clean,161.4038152,3.7395602,16.59234156,16.27941496,22.66680347,25.16989417
UHASED_clean,174.6400102,71.87415182,-0.641039373,8.806548716,18.99150719,4.724895742
USEVOF_clean,82.15087304,29.42380759,9.478008155,2.252930829,5.704372727,6.230046957
UVEVUN_clean,112.4554778,33.31401464,28.63138449,3.614141324,5.548702488,17.33087271
UVIPIZ_clean,97.17757926,9.26461888,9.26537529,9.464750604,9.465220718,9.465506164
UVIPOF_clean,97.20018317,9.269800063,9.268723615,9.476788512,9.477731171,9.477815739
UXISUR_clean,100.099544,10.50281192,10.50339719,9.158795478,9.157728688,9.157874066
UZUNAF01_clean,138.0311845,32.62898891,25.75626557,12.50607661,6.310376442,4.434214398
UZUNAF_clean,138.522757,32.85580133,25.88238041,12.52799062,6.325018036,4.469248479
VETMIS_clean,5.090111716,0.044139229,0.722722878,0.27965903,0.395772594,0.596367679
VOGPEO_clean,30.85497903,16.45288336,3.887158735,-0.407410994,1.931911145,1.562094125
VUHJAK_clean,144.8624945,67.11065166,12.31533675,33.61094901,35.85586814,35.85680814
WAMREJ_clean,56.64390992,7.72517013,6.42185967,0.485335383,3.576527157,1.81289333
WAQKUX_clean,36.72132435,14.01984851,0.056449303,1.68037543,1.723468396,1.806119874
WIZKOH_clean,67.12383751,-1.464452548,0.549168162,2.433575816,15.16613721,5.144420295
WOCWAN_clean,157.6405805,42.81351352,35.52650159,19.64891376,6.002928492,11.88308156
WOHBIF_clean,165.9518701,95.96582684,38.3413581,3.810983332,19.20724085,15.56864136
WOLFAG_clean,80.53281215,26.02139916,50.02848244,2.952100703,2.693809053,4.020504481
WORREC_clean,107.6486076,88.24297391,-0.031167155,13.57840076,10.51397837,2.101890601
WOYJIF_clean,57.8075449,11.19680572,6.224362371,3.415062334,8.169911216,8.172785552
WOYJOL_clean,46.37799092,4.682154347,5.565032728,5.661266733,8.070021155,8.084082773
WUKXEH_clean,19.38273664,1.562139643,3.086742117,4.413947939,4.468985731,4.468024669
WULJUJ_clean,100.1044686,10.50085527,10.50666565,9.15465114,9.160929139,9.167151942
WULKAQ_clean,100.0695448,10.49828108,10.49798043,9.141441463,9.140899152,9.14073719
XADDEN_manual,97.38224983,16.64927914,14.95570686,7.593053227,5.856713659,6.116572092
XADDIR_manual,97.38807594,16.65471699,14.95839919,5.859278088,7.595331069,6.116106204
XAFFOB_clean,25.44244842,6.602823353,0.4161193,0.194729416,0.023295837,0.033032488
XAFFUH_clean,11.23175442,0.055455324,0.200751893,0.333318141,0.362932219,0.362996525
XAHPIH_clean,12.14341514,0.415778318,1.081518535,0.947528601,0.880515501,0.65385665
XAKQOR_clean,20.32731784,4.912634568,-0.30569016,0.755728436,1.355972332,1.560038536
XALXUF01_clean,17.11680713,8.43164376,7.005435862,5.140519795,1.61423959,0.979175877
XALXUF_clean,13.23823679,9.344213264,0.767309559,2.762660157,3.998970122,3.451066125
XAMDUM01_clean,97.35464204,16.61452345,14.92862835,7.579525891,5.85331133,6.113768185
XAMDUM02_clean,97.39396857,16.66352418,14.96079327,7.597400282,5.86143569,6.116904575
XAMDUM03_clean,97.41063441,16.68336282,14.97744484,7.605667188,5.863051599,6.118850739
XAMDUM04_clean,97.34429753,16.60295075,14.91604209,5.85371984,6.11221827,7.573849067
XAMDUM05_clean,97.39600859,16.66366945,14.96705651,5.859818097,6.117160443,7.599478605
XAMDUM06_clean,97.37510465,16.63934118,14.94716909,5.856996007,6.115122766,7.588928125
XAMDUM_clean,97.39699389,16.66313317,14.97112239,7.600747113,5.858620611,6.117240362
XAWVUN_clean,11.76729291,-0.079252793,0.749128506,0.594243052,0.234309145,0.216877547
XEBHOC_clean,42.24780827,10.56352693,0.042107244,0.685712475,0.406201102,1.984788519
XITYOP_clean,78.70749788,12.04539538,12.546946,7.349287027,2.615642594,2.331897064
XOPLOE_clean,14.73164692,2.76661409,0.295742591,0.955088167,2.056724764,1.942759534
XOVPUU_clean,45.01767641,0.772685324,0.004265484,0.36810797,0.251925077,0.189233885
XUDNUH_clean,42.653969,2.567039227,2.5069124,0.573433094,0.129783125,0.130439692
XUDPIX_clean,15.78321898,2.730244014,0.990839481,1.411682506,1.484927911,0.127408815
XUGROI_clean,43.22701927,2.158432763,1.120205232,0.229390869,0.336552834,0.815949327
YABHER_clean,48.41967326,20.17348646,12.52293633,0.738931003,0.258350925,0.148321611
YAVWUQ_clean,19.92829343,3.603312691,7.396936504,5.757411203,6.481201187,6.447874688
YEKXOD_clean,50.2014935,4.40227915,2.726220443,1.649400174,0.573802583,0.120924508
YEKXUJ_clean,87.23821214,1.066857587,3.200711945,1.990397134,6.721659744,6.728272926
YOCLEJ_clean,97.34782379,16.60514963,14.92291891,7.576677354,5.854104314,6.111308162
YOCLIN_clean,97.37997453,16.64631782,14.95008436,5.858040545,7.591562704,6.115921156
YOZNAE_clean,100.0947915,10.50165687,10.50271657,9.153836571,9.155675251,9.155986274
YUGLES_clean,87.54572524,30.07390784,31.19210075,6.31134726,4.542430593,4.877660931
YUSWEP_manual,2.08547362,1.816460771,1.761017474,0.59820331,1.094692788,0.871279867
ZACHIX_clean,99.98995833,10.48519408,10.48549613,9.096740556,9.096300785,9.096181294
ZAHLEC_clean,6.13083961,4.549943926,1.152289407,0.624588925,0.104065369,0.337842774
ZIKJIO_clean,59.70601397,8.488879647,1.20671891,0.417273285,-0.335088785,-0.115298523
ZIKJOU_clean,30.51706238,11.80105039,1.116556742,-0.666491629,-0.052799982,-0.126271937
ZILFOR_manual,67.35383741,55.71761631,23.66289786,0.398904449,1.862466185,1.862511443
ZOXGOK_clean,36.45406366,9.195140832,0.534921026,2.066145397,8.693008416,1.863900884
c4ce00408f_c4ce00408f2_clean,118.0333178,23.16540492,25.10109549,32.04188257,33.98997909,33.47606731
c6ce00407e_c6ce00407e1_clean,20.94650594,6.838068726,5.333171563,0.205638781,2.446655191,1.632237627
c6ce00407e_c6ce00407e2_clean,12.12273935,5.517520553,2.360372939,0.25829602,1.137798487,0.822801014
c6ce00407e_c6ce00407e3_clean,97.21512446,16.44392525,14.81817384,7.506507148,5.831559227,6.101444155
c6ce00407e_c6ce00407e7_clean,31.43152793,15.7604764,14.25577657,4.282293374,3.828897527,5.866666657
c6ce00407e_c6ce00407e9_clean,5.891386286,2.941535271,-0.00396572,0.31793474,0.497150078,0.454509174
cg400449c_si_001_clean,39.35027545,18.18244655,4.323514765,4.365910207,1.739532461,0.158229867
cg500175k_si_001_auto,24.51337692,2.023516552,2.33122409,2.841031625,2.63910792,2.551570631
cg501730q_si_002_clean,33.15928285,19.91743516,14.6037984,12.49467886,1.947731202,1.588947938
cm501138g_si_002_clean,97.40718298,16.682636,14.97180136,5.861880477,6.119728103,7.603485488
cm501138g_si_005_clean,97.40390875,16.67454551,14.97585299,5.860539459,6.118161236,7.603237571
cm501138g_si_006_clean,97.37008489,16.63564879,14.94118685,7.586666645,5.856108601,6.115896925
cm501138g_si_008_clean,97.37845588,16.64335509,14.9491683,5.857296157,7.590234118,6.115544695
cm501138g_si_009_clean,97.36555351,16.63014861,14.93857751,5.856025117,7.585491939,6.114451169
cm501138g_si_010_clean,97.39617117,16.66540847,14.96579335,5.859757733,7.598487064,6.117634899
cm501138g_si_011_clean,97.38660357,16.65234655,14.95698353,5.857937624,7.594320444,6.116620026
cm501138g_si_012_clean,97.3669861,16.62991881,14.93802365,5.856446455,7.585367153,6.114487154
ic034943jsi20030807_040506_clean,26.42003486,12.75518244,7.249247083,5.331219919,0.111583365,2.349612391
ic502921j_si_002_clean,98.95776698,2.308066403,4.26771512,5.165809752,6.750343687,5.863011057
ic5b00194_si_002_clean,62.03598279,10.13539239,7.316778249,4.806516077,4.399891459,3.754004165
j.inoche.2015.05.017_inc05998-mmc2_clean,27.85870747,12.06880988,4.436712073,4.741611132,7.419406088,7.916944681
ja203898s_si_004_clean,48.75449864,22.56895736,1.382985842,3.035936318,14.35418785,10.25697963
ja203898s_si_006_clean,21.35207545,13.94656416,7.797502678,5.920731906,0.54450679,1.379303628
science.1056698_manual,21.28583574,5.06170127,4.475325362,2.682563464,1.278390147,0.835561206
